# 多 CANN × torch/torch_npu 兼容编译矩阵。每行一个 combo, 由 ci/build_matrix_images.sh
# 构建为 fa-npu-ci:<name> 镜像, 再由 ci/run_ci_matrix.sh 并发编译。
#
# 字段 (| 分隔):
#   name              combo 标识, 用作镜像 tag (fa-npu-ci:<name>) 和日志名
#                     命名约定: <arch>-cann<cann>-torch<torch>, 如 910b-cann9.1-torch2.9
#   base_image        AscendHub CANN 镜像 (含 CANN toolkit + bisheng)
#   py_tag            cp311 / cp312, 与 base_image 的 python 版本一致
#   torch_ver         torch 版本, 如 2.9.0 (README: torch_npu 与 torch 同版本)
#   torch_npu_ver     torch_npu wheel 版本字符串, 如 2.9.0.post2
#   torch_npu_release gitcode release tag, 如 v26.0.0-pytorch2.9.0
#   cann_ver          CANN 兼容版本, 如 9.1
#   npu               目标 NPU, 910 / 950
#   build_version     API 内容, v2 / v3 / v4 / all
#   abi               TRUE / FALSE / detected
#   arch              目标架构, x86_64 / aarch64 (与 base_image 架构一致; 控制 torch_npu
#                     wheel 后缀, 以及 torch 的安装方式)
#   image             (可选) 预构建镜像名。非空时 build_matrix_images.sh 跳过构建,
#                     run_ci_matrix.sh 直接用该镜像跑编译。留空则由 build_matrix_images.sh
#                     用本仓 ci/Dockerfile 构建 (910B/950 统一走此路径)。
#
# 新增 combo 直接加行 (无需改脚本)。空行和 # 开头的行忽略。
# 注意: torch_npu_ver / torch_npu_release / base_image 需在 AscendHub + gitcode 上核对,
#       不匹配的组合会在 build_matrix_images.sh 阶段失败。
#
# name|base_image|py_tag|torch_ver|torch_npu_ver|torch_npu_release|cann_ver|npu|build_version|abi|arch|image
# 910b (aarch64): 与 950 统一用 ci/Dockerfile 构建, 镜像名 fa-npu-ci:910b-cann9.1-torch2.9。
910b-cann9.1-torch2.9|swr.cn-south-1.myhuaweicloud.com/ascendhub/cann:9.1.0-910b-ubuntu22.04-py3.12-devel|cp312|2.9.0|2.9.0.post2|v26.0.0-pytorch2.9.0|9.1|910|all|detected|aarch64|
# 950 (Ascend 950PR/DT, arch35/dav-3510): 与 910b 统一使用 CANN 9.1.0 正式版。
# torch/torch_npu 版本与 910b 相同, 只换 950 基础镜像。
# 注意: 该 950 镜像无 -devel 后缀, 需确认内含 bisheng 编译器 (见构建说明)。
950-cann9.1-torch2.9|swr.cn-south-1.myhuaweicloud.com/ascendhub/cann:9.1.0-950-ubuntu22.04-py3.12|cp312|2.9.0|2.9.0.post2|v26.0.0-pytorch2.9.0|9.1|950|all|detected|x86_64|
